{
  "debug": false,
  "repeat": false,
  "rangeRelay6": {
    "value0": 471025,
    "value1": 565230
  },
  "rangeRelay7": {
    "value0": 435757.3125,
    "value1": 530199
  },
  "rangeRelay4": {
    "value0": 282615,
    "value1": 376820
  },
  "rangeRelay5": {
    "value0": 376820,
    "value1": 471025
  },
  "id": 0,
  "draw": false,
  "rangeRelay1": {
    "value0": 39764.92578125,
    "value1": 132549.75
  },
  "specie.description": "",
  "rangeRelay3": {
    "value0": 188410,
    "value1": 282615
  },
  "environment": "Objects/cassini.obj",
  "rangeRelay2": {
    "value0": 26509.94921875,
    "value1": 120951.640625
  },
  "specie": "Audio/_theme.mp3",
  "mute": true
}