{
  "rangeRelay1": {
    "value0": 241903.28125,
    "value1": 492090.9375
  },
  "id": 0,
  "rangeRelay3": {
    "value0": 342972.46875,
    "value1": 574934.5625
  },
  "rangeRelay2": {
    "value0": 11598.1025390625,
    "value1": 266756.375
  },
  "environment": "Box.obj",
  "rangeRelay6": {
    "value0": 319776.25,
    "value1": 503689.0625
  },
  "rangeRelay7": {
    "value0": 160716.578125,
    "value1": 382737.40625
  },
  "specie": "_theme.mp3",
  "rangeRelay4": {
    "value0": 175628.421875,
    "value1": 449012.25
  },
  "rangeRelay5": {
    "value0": 18225.58984375,
    "value1": 298236.9375
  }
}