{
  "font": "Fonts/KaiTi-30.vlw",
  "font.secuence": "Fonts/Moire-Light-48.vlw",
  "debug": false,
  "repeat": false,
  "rangeRelay6": {
    "value0": 7972.7236328125,
    "value1": 64778.37890625
  },
  "rangeRelay7": {
    "value0": 64778.37890625,
    "value1": 120587.4453125
  },
  "rangeRelay4": {
    "value0": 52819.296875,
    "value1": 110621.546875
  },
  "rangeRelay5": {
    "value0": 18935.21875,
    "value1": 75740.875
  },
  "id": 0,
  "draw": true,
  "rangeRelay1": {
    "value0": 29897.712890625,
    "value1": 85706.7734375
  },
  "rangeRelay3": {
    "value0": 50826.11328125,
    "value1": 107631.7734375
  },
  "specie.description": "",
  "environment": "Objects/cassini.obj",
  "rangeRelay2": {
    "value0": 33884.07421875,
    "value1": 90689.7265625
  },
  "specie": "Audio/soft.mp3",
  "mute": true
}