{
  "font": "Fonts/KaiTi-30.vlw",
  "font.secuence": "Fonts/Moire-Light-48.vlw",
  "debug": false,
  "repeat": false,
  "rangeRelay6": {
    "value0": 83713.6015625,
    "value1": 140519.25
  },
  "rangeRelay7": {
    "value0": 135536.296875,
    "value1": 273065.78125
  },
  "rangeRelay4": {
    "value0": 26907.943359375,
    "value1": 83713.6015625
  },
  "rangeRelay5": {
    "value0": 47836.34375,
    "value1": 104642
  },
  "id": 0,
  "draw": false,
  "rangeRelay1": {
    "value0": 27904.53125,
    "value1": 83713.6015625
  },
  "specie.description": "",
  "rangeRelay3": {
    "value0": 74744.2890625,
    "value1": 131549.9375
  },
  "rangeRelay2": {
    "value0": 16942.037109375,
    "value1": 73747.6875
  },
  "environment": "Objects/cassini.obj",
  "specie": "Audio/soft.mp3",
  "mute": false
}